-- Stations
INSERT INTO stations (id, name, city, has_assistance, accessibility_info) VALUES
(1, 'Amsterdam Centraal', 'Amsterdam', true, 'Liften bij alle perrons, geleidelijn aanwezig'),
(2, 'Rotterdam Centraal', 'Rotterdam', true, 'Liften en roltrappen beschikbaar, geleidelijn door hele station'),
(3, 'Utrecht Centraal', 'Utrecht', true, 'Liften bij alle perrons, geleidelijnen en Audio instructiess'),
(4, 'Den Haag Centraal', 'Den Haag', true, 'Liften en roltrappen, geleidelijn door centrale hal'),
(5, 'Eindhoven Centraal', 'Eindhoven', true, 'Liften bij alle perrons, tactiele geleidelijnen'),
(6, 'Groningen', 'Groningen', true, 'Liften en geleidelijn beschikbaar'),
(7, 'Tilburg', 'Tilburg', true, 'Liften en geleidelijn beschikbaar'),
(8, 'Almere Centraal', 'Almere', true, 'Liften en geleidelijn beschikbaar'),
(9, 'Breda', 'Breda', true, 'Liften en geleidelijn beschikbaar'),
(10, 'Nijmegen', 'Nijmegen', true, 'Liften en geleidelijn beschikbaar'),
(11, 'Enschede', 'Enschede', true, 'Liften en geleidelijn beschikbaar'),
(12, 'Apeldoorn', 'Apeldoorn', true, 'Liften en geleidelijn beschikbaar'),
(13, 'Haarlem', 'Haarlem', true, 'Liften en geleidelijn beschikbaar'),
(14, 'Arnhem Centraal', 'Arnhem', true, 'Liften en geleidelijn beschikbaar'),
(15, 'Zaandam', 'Zaandam', true, 'Liften en geleidelijn beschikbaar');

INSERT INTO platforms (id, station_id, number, location_description, has_tactile_paving, audio_beacon_info) VALUES
(1, 1, '2A', 'Centraal in station, bereikbaar via lift A', true, 'Audio instructies bij liftingang'),
(2, 2, '3', 'Noordzijde station, via centrale hal', true, 'Audio instructies bij perrontoegang'),
(3, 3, '5', 'Zuidzijde, bereikbaar via traverse', true, 'Audio instructies bij trapopgang'),
(4, 4, '4', 'Centraal perron, via hoofdhal', true, 'Audio instructies bij perroningang'),
(5, 5, '1', 'Direct vanaf stationshal', true, 'Audio instructies bij toegangspoortjes'),
(6, 6, '2', 'Westzijde station', true, 'Audio instructies bij perrontoegang'),
(7, 7, '1', 'Centraal perron', true, 'Audio instructies beschikbaar'),
(8, 8, '1', 'Centraal perron', true, 'Audio instructies beschikbaar'),
(9, 9, '1', 'Centraal perron', true, 'Audio instructies beschikbaar'),
(10, 10, '1', 'Centraal perron', true, 'Audio instructies beschikbaar'),
(11, 11, '1', 'Centraal perron', true, 'Audio instructies beschikbaar'),
(12, 12, '1', 'Centraal perron', true, 'Audio instructies beschikbaar'),
(13, 13, '1', 'Centraal perron', true, 'Audio instructies beschikbaar'),
(14, 14, '1', 'Centraal perron', true, 'Audio instructies beschikbaar'),
(15, 15, '1', 'Centraal perron', true, 'Audio instructies beschikbaar');

INSERT INTO routes (id, departure_station_id, arrival_station_id, departure_time, arrival_time) VALUES
(1, 1, 2, '10:00', '11:00'),
(2, 2, 1, '10:00', '11:00'),
(3, 3, 4, '08:30', '09:45'),
(4, 4, 3, '12:15', '13:30'),
(5, 5, 6, '09:00', '10:30'),
(6, 6, 5, '11:45', '13:15'),
(7, 1, 3, '14:00', '15:15'),
(8, 3, 1, '15:30', '16:45'),
(9, 2, 5, '13:00', '14:30'),
(10, 5, 2, '16:00', '17:30'),
(11, 7, 8, '09:00', '10:15'),
(12, 9, 10, '11:00', '12:15'),
(13, 11, 12, '13:00', '14:15'),
(14, 13, 14, '15:00', '16:15'),
(15, 15, 1, '17:00', '18:15');

INSERT INTO schedules (id, route_id, platform_id, date, status) VALUES
(1, 1, 1, '2024-12-25', 'Op tijd'),
(2, 2, 2, '2024-12-25', 'Op tijd'),
(3, 3, 3, '2024-12-25', 'Op tijd'),
(4, 4, 4, '2024-12-25', 'Op tijd'),
(5, 5, 5, '2024-12-25', 'Op tijd'),
(6, 6, 6, '2024-12-25', 'Op tijd'),
(7, 7, 1, '2024-12-25', 'Op tijd'),
(8, 8, 3, '2024-12-25', 'Op tijd'),
(9, 9, 2, '2024-12-25', 'Op tijd'),
(10, 10, 5, '2024-12-25', 'Op tijd'),
(11, 11, 7, '2024-12-25', 'Op tijd'),
(12, 12, 9, '2024-12-25', 'Op tijd'),
(13, 13, 11, '2024-12-25', 'Op tijd'),
(14, 14, 13, '2024-12-25', 'Op tijd'),
(15, 15, 15, '2024-12-25', 'Op tijd');
